{
  "Name": "LittleFuse-ROHS",
  "CreationDate": "2023-5-8",
  "Commands": [
    {
      "Command": "csvRead",
      "Target": "littlefuse.csv",
      "Value": "",
      "Description": ""
    },
    {
      "Command": "open",
      "Target": "https://www.littelfuse.com/",
      "Value": "",
      "Description": ""
    },
    {
      "Command": "store",
      "Target": "${!col1}",
      "Value": "!csvLine",
      "Description": ""
    },
    {
      "Command": "type",
      "Target": "xpath=//*[@id=\"searchBox\"]/div/div/div[2]/input",
      "Value": "${!col1}",
      "Description": ""
    },
    {
      "Command": "click",
      "Target": "xpath=//*[@id=\"searchBox\"]/div/a/span",
      "Value": "",
      "Description": ""
    },
    {
      "Command": "store",
      "Target": "30",
      "Value": "!timeout_wait",
      "Description": ""
    },
    {
      "Command": "clickAndWait",
      "Target": "//*[@id=\"SearchLF\"]/div[3]/div/ul/li[2]/a",
      "Value": "",
      "Description": ""
    },
    {
      "Command": "store",
      "Target": "5",
      "Value": "!timeout_wait",
      "Description": ""
    },
    {
      "Command": "click",
      "Target": "//*[@id=\"SearchLF\"]/div[3]/div/div/div[6]/div[2]/div/div/div[2]/div[1]/div[2]/ul/li[1]/a",
      "Value": "",
      "Description": ""
    },
    {
      "Command": "click",
      "Target": "linkText=Environmental Info",
      "Value": "",
      "Description": ""
    },
    {
      "Command": "storeText",
      "Target": "//*[@id=\"EnvironmentalInfo\"]/div/div[2]/span/a",
      "Value": "executeScript_Sandbox_result",
      "Description": ""
    },
    {
      "Command": "store",
      "Target": "${executeScript_Sandbox_result}",
      "Value": "!csvline",
      "Description": ""
    },
    {
      "Command": "verifyElementPresent",
      "Target": "xpath=//*[@id=\"EnvironmentalInfo\"]/div/div/table/tbody/tr/td[2]",
      "Value": "STATUSOK",
      "Description": ""
    },
    {
      "Command": "if",
      "Target": "${!STATUSOK} == true",
      "Value": "",
      "Description": ""
    },
    {
      "Command": "storeText",
      "Target": "//*[@id=\"EnvironmentalInfo\"]/div/div[1]/table/tbody/tr/td[1]/a",
      "Value": "a",
      "Description": ""
    },
    {
      "Command": "storeText",
      "Target": "//td[3]/span[2]",
      "Value": "e",
      "Description": ""
    },
    {
      "Command": "storeText",
      "Target": "//td[4]/span[1]",
      "Value": "f",
      "Description": ""
    },
    {
      "Command": "storeAttribute",
      "Target": "xpath=//td[5]/a[1]@href",
      "Value": "b",
      "Description": ""
    },
    {
      "Command": "storeAttribute",
      "Target": "xpath=//td[6]/a[1]@href",
      "Value": "c",
      "Description": ""
    },
    {
      "Command": "storeAttribute",
      "Target": "//a[@class='showpdfpopup']@href",
      "Value": "d",
      "Description": ""
    },
    {
      "Command": "store",
      "Target": "${a}",
      "Value": "!csvline",
      "Description": ""
    },
    {
      "Command": "store",
      "Target": "${f}",
      "Value": "!csvline",
      "Description": ""
    },
    {
      "Command": "store",
      "Target": "${e}",
      "Value": "!csvline",
      "Description": ""
    },
    {
      "Command": "store",
      "Target": "${b}",
      "Value": "!csvline",
      "Description": ""
    },
    {
      "Command": "store",
      "Target": "${c}",
      "Value": "!csvline",
      "Description": ""
    },
    {
      "Command": "store",
      "Target": "${d}",
      "Value": "!csvline",
      "Description": ""
    },
    {
      "Command": "end",
      "Target": "",
      "Value": "",
      "Description": ""
    },
    {
      "Command": "csvSave",
      "Target": "results.csv",
      "Value": "",
      "Description": ""
    }
  ]
}