{
  "Name": "HPE",
  "CreationDate": "2023-3-21",
  "Commands": [
    {
      "Command": "csvRead",
      "Target": "msc-reach.csv",
      "Value": "",
      "Description": ""
    },
    {
      "Command": "echo",
      "Target": "${!col1}",
      "Value": "",
      "Description": ""
    },
    {
      "Command": "store",
      "Target": "${!col1}",
      "Value": "!csvline",
      "Description": ""
    },
    {
      "Command": "open",
      "Target": "https://partsurfer.hpe.com/Search.aspx?SearchText=464376-L21",
      "Value": "",
      "Description": ""
    },
    {
      "Command": "store",
      "Target": "5",
      "Value": "!timeout_wait",
      "Description": ""
    },
    {
      "Command": "type",
      "Target": "id=ctl00_BodyContentPlaceHolder_SearchText_TextBox1",
      "Value": "${!col1}",
      "Description": ""
    },
    {
      "Command": "clickAndWait",
      "Target": "id=ctl00_BodyContentPlaceHolder_SearchText_btnSubmit",
      "Value": "",
      "Description": ""
    },
    {
      "Command": "verifyElementPresent",
      "Target": "linkText=Advanced(Unique Product S/N)",
      "Value": "STATUSOK",
      "Description": ""
    },
    {
      "Command": "if",
      "Target": "${!STATUSOK} == true",
      "Value": "",
      "Description": ""
    },
    {
      "Command": "store",
      "Target": "30",
      "Value": "!timeout_wait",
      "Description": ""
    },
    {
      "Command": "XClick",
      "Target": "as5gru_dpi_96.png",
      "Value": "",
      "Description": ""
    },
    {
      "Command": "storeText",
      "Target": "id=ctl00_BodyContentPlaceHolder_lblProductNumber",
      "Value": "a",
      "Description": ""
    },
    {
      "Command": "storeText",
      "Target": "id=ctl00_BodyContentPlaceHolder_lblRoHSStatus",
      "Value": "executeScript_Sandbox_result",
      "Description": ""
    },
    {
      "Command": "store",
      "Target": "${a}",
      "Value": "!csvline",
      "Description": ""
    },
    {
      "Command": "store",
      "Target": "${executeScript_Sandbox_result}",
      "Value": "!csvline",
      "Description": ""
    },
    {
      "Command": "csvSave",
      "Target": "final.csv",
      "Value": "",
      "Description": ""
    },
    {
      "Command": "end",
      "Target": "",
      "Value": "",
      "Description": ""
    }
  ]
}