SV2300R-5W7U-02,KQ2H06-G01,FBESSDS01600000001,VNB404CS-X247,KQH10-04S,KQ2S10-02AS,PFMV505-1-NA,KQS06-U02,EAC5000(A0004)01,AS2051FG-06,VXZ255JADXB,CY1H20-R2577-445,KQV04-M5,PFMV510-1,EX500-GEN1,FC2W504-03-3-X110,D-A96V,AS-DPP00092,TB00185,MXS25-50AS-X11,PFMV530F-1-N,KQ2H06-G02,AS-DPP00093,KQR06-04,KQ2S07-35AS,AR20-02,IITV00-03-DUQ01860,IITV00-02-DUQ01859,PSE5631-OAK00467,M-5H-6-X83,LVA30-03-A-X36,AS1002F-06-3-X270,LVM155RHY-5C-X63-Q,HRZ010-WS-X022,INA-14-496,ARP30-DUN03785,E400-N06,NAQ2000-N02,KJH07-33S,XLA-40-2,AR20-N01-Z-B-X34US100-150,KQ2ZT11-37AS,ZSE80F-A2-T-X501,KQ2R05-07,KQ2ZT07-34NS,KQ2VD11-37AS,NVJ3133Y-5LOZ,LQ3U3A-S-X178L,AW30-N02B-8Z-B
AP1210SM 2PW FV8 FC P,SYJ3000-14-6,AP1410TSM2PWFV4MV4,ARP20-N01BE-Z,SL5206-SM-2PW-FV4-FV4-HF,KQ2U13-37AS,SS5V1-W16CD-08B-N1,KQ2U13-35AS,XLG-16-X1239,VV100-DUV01254,NCQ8A075-XC11Z-DUV01175,HRB4007Z-X017,VV5Q11-06-DUW00117,PSE550-AC2-X504,LLD5A-04-Z19-X6,AR30-N02H-Z-B-X2150,KQ2L03-32-X13,HRZ008-W-Z-X055,LLD3A-04-Z13-X56,VV100-DUW00054,EX-M8-3-B-5,MGF40-65-DCN956CN,XLA16-1M-X1057,NCQ8A075-XC11Z-DUV00037,AR20K-DUV00159,MGPL40-155Z-DUS02260,VR1210-01-X8,VHS20-DUU02194,AR30-DUS01016,E300-N02-A,VQZ3450B-5L1-02T-X568,MSQA7A-DIT00190,SV1000-DUM02086,NCMB125-0100-DUT02255,NCQ8A075-XC11Z-DUU02565,AR40-OAU02445,LVD30-Z11-F4-X62,RSDQB12-6-DCQ8876Q,ZSE80F-DUP02072,KQB2S03-32-X1388,KQB2S03-32-X1387,AS2201F-01-07S-12-X250,IS10-DUR01184,MGPL40-175Z-DUS00659,LQ3U4A-S-X179F,LQ3U5A-S-X182B,CY3R15-800-DCK2443K,ITV-05-OAV00114,SRH3000-N02
NCDY2S25H-1300B-F7,EAC2000(A-0004),AR40-04B-B,NVJ114Y-5MOZ,AP3700SM FV8 FV8 M0,VNB202CS-N10A-B,KQB2F07-N01,AP3700S-FV8-FV8-00-ISC,VXA2242G-02-1,VT307V-5DZ1-01F-F-Q,KQ2L06-M6N1,VXA2240G-02-1,E500-06-A,AP3625SM 3PWD MV4 FV4 FV4,KQ2L05-U02,ISE80-A2-V-X501,PSE310-B,KQ2L04-M5N1,KJL07-99,ZSE30A-01-E-ML,PFM725-N7-B-MN-Z,PFM710S-N01-A-M-W,V114-5MO-M5,VV100-10FAD2-03U1-C4F1,GA46-7-01,AP3900SM TW12 FV12 00,VV100-10FBD2-07U1-N7,V110-D5NCZ-N1,ISE80-02-V,VXZ230BGBXCC,VT307V-5DOZ1-01F-F-Q,HRZ010-W1S-Z,VXA2242G-02N-1,SV1100-5FU-X61,ISE80-A2-P,VQZ342-5LO-C8-F,AP3625SM 3PWD TW4 MV4 TW4,ZFC7D-B,AP3700SM MV8 MV8 M0,VT307V-5D1-01N-F-Q,KQ2L08-00A-X35,TIUB07C-20-X4,AN200-KM11,VQD1151W-5M-M5-X16,VHS30-03A-S-R,AP3625SM 2PWA FV4 MV4,SYJ5443-5DZ-01-Q,PFM725-N01-B-M,V110T-D5NCZ-N1
AP510S2PWMV4MV4,MSQB20A,IRV-10-C08ZP,IRV10A-LC06L,IRV10A-LC06LZP,KQ2UD06-02S,ZS-33-N01,PF3W720-N04-ET-GRA,PSE564-A2,ISE20-N-P-M5-LA2,ISE20-N-P-M5-LA1,SYJ3000-21-12A,AR30-N03BE-Z-B,IS10E-3N03YL,KQ2U11-00A-X35,G36-P7-N01-X30,NCDMB150-0065-X103US,CDJ2B16-100-A93L,KQ2ZD11-35NS,ARG20-N02G1H-Z,MHZ2-20D-M9BS,KQ2L06-02,SYJ712-6GZ-01N,AS2201FM-01-06S,KQB2H08-00,EX600-DXPD,AR20-02G,AF10-M5-Z,VSS8-4-FG-D-3VZR,AS4001F-12D,ISE20C-V-A2-W,NCDQ8B150-100,VK332V-5G-M5-Q,VXA2232-03N-1,AS2200-01S-X785,ISE20A-R-N7L-B,VK332V-5DO-01F-Q,NCDQ8B106-087-M9P,SY114-5LOU-Q,AS2311FM-N01-06S,AR30-N03GH-NZ-B,SL5202SM3PWFV4MV4V3,VV100-10FBD2-07U2-N7,10-SV2100-5FR,NCQ8A150-100,NCDQ8B150-087-M9P,PF3W711-N06-CT-M,ISE20A-R-N7H-B,VX3134JZ-02F-5D1
ISE20B-V-01,ISE20C-V-A2L,TILM07BU-20,ISE20C-V-A2,PFMB7201-02-F-M-X300,VBA10A-T02GN-Z,ZSE20BF-T-01,ISE20B-T-01,PFMB7501-F04-F,ISE20C-V-02,ZS-46-B,ISE20CH-R-M-02,LQNP16,VHS20-N02A-Z,VDW250-5G-2-M5-Q,AFM40P-060AS,SS5Y3-10SA3N-08BS-C6-4B4F,CD85N16-160-B,CDQSB12-10DCM,AS3200-03-SD,CLA2F63-350-E,CDNA2F40TF-350-D-M9PSDPC,LEHF10K2-16-R56P5,CD76WE40-25-A,ASP330F-01-06S-X369,MDBL32-300Z-M9PL,ASP630F-U04-12-X352,CDLG1BA32TN-125-E-M9PVMDPC-C,MHL2-32TND-M9PSDPC4,CNSF125-250-D,MLGPM63-150-F,VSS8-4-FIG-D-3VZR,MXS25TF-75B,CDQ2A32TF-15DZ,JT40,CDQ2A32TF-25DMZ,VV80110-03F-SD0-W1,AS3200-03S-X785,VSS8-6-YJZ-D-3EZ-V1,VVQC2000-1A-D-N7,KQ2H04-U02N1,IN-241-3309BU,TIA07R-33,VCH410-5DL-06G,AMC610-N10,MGPM20-400-RN,SYA7440-03T,IN-241-3309W,VP744-5DZ1-04-M-X555
SYA7140-02,ARP20-01B-3,IN-241-3308BU,G36-7-01M,ITV1030-SEN-N2-DUQ00833,IZF31-QBYU,JT20,EX500-GDN1,AVL2000-N02-5DZM,EX500-AC100-SSPS,IN-241-3307W,VV80112-03F-SD0-W1,PSE561-N02-28,TIA01BU-33,IN-241-3308W,ARP20K-01BE3-3,KQ2H06-00N,SS5Y5-10S6EA44-08F-C6,IN-241-3307BU,CDQ2KB16-10DM,KM5A-M5I,CDQ2WA40-5DZ,LQ3U5A-S-X182D,ZK2B12K5CL-08-B,AP3700SMFV12MV12 00,CDQ2WA40-5D,LLD3A-02-Z11-X66C,MXZ12-15L,AR30P-580AS,PSE200A-A,CDQ2A32-100DM,KQ2R05-09A,KQH06-08,ZS-46-5L-X240,KQY12-03S,K40-MP0.2-01MS,KQL10-03S,SV1200-5FU-X61,K40-MP0.7-02MS,CDG1KLN50-600-H7A2L,G43-P6-01-X30,LQ3U2A-S-X177L,CQ2A32-15DMZ,LQ3U5A-S-X182C,TUS0604N-20,VBA20A-F03,SY50M-1-1AR-C10,LQ3U2A-S-X177P,KQH10-U04
ZSE40A-C6-T,KQR06-12,LQ3U3A-S-X178T,NARJ210-M5BG,NAMC610-N10B,K40-MP0.7-01MS,VND402DS-N25A,SY30M-N5-P,MXH10-30-M9PSAPC,ZZK205-A2F-A,ZZM08-04B,SRH4011-04-X287,LVD30-Z11-F-X60B,KQS06-01S,LQ3U3A-S-X178P,PF2M750-01-B,ZL112-K15LOZ-DPL,CDQ2WA40-15D,ZS-46-5LM12,VNB202CS-N10A,LQ3U4A-S-X179J,AFJ40-N04B-40-S,LQ3U4A-S-X179K,EX500-AC050-SSPS,CDQ2WA12-20DZ-F7BWVL,KQU06-M5,ZS-28-A-X166,LQ3U4A-S-X179L,LQ3U3A-S-X178S,LQ3U4A-S-X179H,LQ3U3A-S-X178R,LQ3U3A-S-X178Q,SY30M-40-1A,ISE40A-01-P-PL,ZSE20F-P-P-01-L,ISE40A-01-T-P-X501,SY30M-N6-P,KQU12-00,LVR50-Z25-X35,LQ3U4A-S-X179N,AR20-N01BG-YZ,SY50M-9-1A,CDQ2WA12-20D-F7BWVL,SY30M-40-2A,ZZM05-04B,SS5Y3-10SA3N-08BS-C6-B8,TU1610BU2-20,CDQ2WA40-15DZ,MXH10-10-M9PSAPC
G43-P10-01-X30,ZK2B07K5CL-06-B,ZSE20BF-T-01-W-X500,PF2M705-N1-F,PFM725S-N7-C-S,SY50M-2-1DA-C6,ZS-46-5LA-X424,CDG1LN40-300-H7A2L,SX3000-146-2,RSDQB20-15T,ZPT06BGS-A5,KQL12-02S,LQ3U2A-S-X177M,RB1412-X552,EINPRESSSTIFT LQ-GP2J-07,NCDQ2D16-15DM,ZFC-EL022,RSDQB40-20D-A93,ZS-28-A-X155,ZZK208A-A2F,SY50M-6-1AR-00,MXH10-25-M9PSAPC,CDG1BA25-50,ISE30A-01-P-PGA1K,LLD5A-04-Z19-X10,PF2M725-N7-B-M,KQL12-03S,SYJ314M-5LOU,LQ3U4A-S-X179G,LQ3U3A-S-X178M,VNB204AS-N10A,LLD5A-04-Z19-X10L,KQL06-10,PS1000-R06L-Q-X107,G46-P4-01-L-C-X30,CDG1KLN40-250-H7A2L,KQUD04-06,LQ3U3A-S-X178K,ZSE30A-C6L-P-LA1,LQ3U4A-S-X179M,KQU10-12,LLD5A-04-Z19-X10R,LQ3U3A-S-X178N,K32,ZZK204A-A1F-A,MSQB20R,SY5A00T-5NZ1,LQ3U2A-S-X177N,G43-P2-01-X30
LQ3U2A-S-X177Q,SY5200RT-5NZ1,P407060-1,LQ3U3A-S-X178U,LQ3U3A-S-X178V,ZSE40F-01-62L,ZB1-ZSEB-A,KQH08-03S,KQ2L13-U03A,SV1A00-5FU-X61,ZK2F15K5NC1A-08-K,KQS16-04S,AR20-N01H-Z-B-X2249,y30t-a,CDG1LN20-200-H7A2L,TU1610Y-20,CDQ2A16-30D,KQL12-U04,ZK2A07K5CL-06-B,SS5Y3-10SA3N-13BS-C6-6B2P5B,AV4000-04-5DZ-X231,AC40-DUV00988,SS5Y3-10SA3N-06BS-C6-4PAP,AS2301F-02-06S-X35,AC40-DUU02366,ISE40A-01-T-P-X542,MRHQ16D-180SX-N-X103,AC40X-04-8-B-X2268,AC50B-06-V1-B-X2109,ZH20DLA-03-04-04,SS5Y3-10SA3N-04BS-C6-2B2F,AS1000F-06,AS2301F-01-08S-X35,AJ40-N04B-40-S-Z,TB00128,SS5Y3-10SA3N-08BS-C6-5BABA,IRV10-01-X3,SS5Y3-10SA3N-04B-C6-2P2B,AS2301F-02-10S-X35,AC40-DUV01214,SS5Y3-10SA3N-04BS-C6-B3F,AS1002F-06-7-X270,AS1201F-M5-04-X35,AC40X-04-8-B-X2271,ASP330F-01-DPJ00069,13-MXQ12-30A,13-MXQ20-150A,13-MXQ16-125A,MXW25-275B
11-MSQA20R,KJU02-04,KQH10-U01,KQS06-M5,EX500-AP100-A-X1,EX500-IE5,ARM10-58BG-Z,KQT12-00,KQL10-U01,KQS10-04S,KQH12-U03,ZSE40F-C6-62L,RSDQA20-20DK,KQW04-M5,13-MXS8-20AS,13-MXQ12-75A,KQU08-00,KQR06-10,IS10E-40N06-6R-A,ISE20-P-C4H-B,VZ1120-5MOZ-M5,VP517Y-5D1,EEX500-IB1-E8,VNB202A-N15A,13-MXQ8L-30A,13-MXQ16-20A,11-MSQA10R,VND402DS-F25A,ZSE20CF-R-A2-W,10-CDM2XG20-25,ZSE20F-P-C4H-B,VP517Y-5DOS1,V200-61-1,VND202DS-F10A,KQ2H04-G02N1,ISE20-N-N7L-LD,KQ2H04-01GS1,RSDQA20-15B,SRF30S-1S13,ISE20A-V-P-M5-J,ISE20C-T-P-A2 -W,MQQTB28-30D,IDG3-N01,Y410-N03,IDG3-N02-PR,VV100-49-X223,HRS012-WN-10,AS2050F-08-X35,AS2201F-01-06-X35
TL0403-10,KQ2Y04-M5,KQ2T12-16,KQ2U16-04S,KQ2XD04-06,D-M9NE,KQ2W12-03S,ZSE40A-01-T,ZSE40A-01-P-PL,KQ2U10-04S,VNB202CS-F10A,RB10J,SS5Y3-10S6EA5-08B-C6,KQH08-U01,G46-P7-02-X30,VX3110-01N-5DZ1,MSQA30L5-XF,SV2000-51D1-33A-C10,ZSE40-01-62L,VSR8-4-FJG-D-3VZ,ZK2-LWB20-A,PT3/8-PTC16,KQL16-U04,MSQB10R,VVS8040-16A,P601020-17,MSQB50L3,K40-P0.7-N01M-S,VSR8-4-FDAG-D-3VZ,PF2A706H-N14-69,VVQ4000-P-1-03F,ZSE40AF-01-V,RB10S,MSQB30L3X-X232,AF30-F02B-R,ISE40A-01-V,ISE40A-M5-Y,ZSE40A-01-P-PLA,EEX500-IB1-E4,ISE40A-N01-Y-X531,ISE40A-01-T,MSQA30L2-XF,ISE40A-N01-P-L,ISE40A-01-Y-X531,FAPP-08-DDL00007,ZSE40A-01-T-A,AS3200-G03-X396,CDA2KG50TF-125,ZSE40A-01-V
ZSE40A-01-P-LA,FAPP-06-DDL00006,IZN10-02P16Z-B1,MXS-A627-X11,KQH06-U03,AK1010-S-3P-4-4-0-HF,SS5Y31-12-DUX00282,SS5J3-08-DUY01717,CUJ B10-10D,NVV3J3-S42-2.87-B3T,SS5J3-OAZ02199,PF3W740-N06-E-N-FR,SS5J2-OAZ02203,ASP530F-N03-07S-X431,IS10E-3N03Y-L-A,NVKF334-5-DUX00789,AS1201F-M5-23-X69,SS5J3-03-DUZ00068,SS5J2-OAZ02201,IRV10A-DUX01996,C85N16(A0001),XLG-16-X1085,SS5J2-OAZ02205,SS5J2-OAZ02202,IR1010-DUX01273,VV100-DUW01496,NVV3KF3-DUV01635,SS5J3-05-DUY01067,EINPRESSSTIFT LQ-GP2J-03,VV100-05-DUX00173,VV100-07-DUX00181,TL0403-DUY02290,AR25-N02GH-NYZ-B-X440,AR20-DUV00985,VV100-02-DUY01379,VV100-09-DUZ00515,IRV20-LC06LC06-BG,KQ2C01-00N-X123,SS5Y3-10F1-X1155,SS5J2-OAZ02204,VNB204AS-DUZ01470,KQ2H12-13-X562,US9019,EX500-ACY01-S,ISE20A-V-M5-J,VHS30-DUS01000,VV100-49-X301,VV100-10F-X183,VQ4400-51-03T-X99
E600P-050S-03,XGTP313-50336-1C-X1037,CDJ2E10-135-DUY00340,KQUD04-01S,XGT312-47336-5C2G-X1,US42428,KQH12-U04,LFU20-C04-DUO01144,MXS-A2027-X11,KQ2S06-01S-X2,AP3113S 2PW MV8 MV8,VV100-10F-X182,VV5Q11-09-DUW01452,MXQ-CS20-X11,G46-P10-01-X30,MXS-BT12,MXS20-125-X45,LQ1T5A-R12,IR1020-DUY02165,VQ101N-5,MXS-A2527,IR1020-DUY02148,AC30X-03G-X2445,VQD1131W-DUW01708,IZS31-CF01-X210,MXQ-CS16-X11,SS5Y3-10SA3N-02B-C6-2B,KQU16-00,VKF332-5DZ-01,VV5Q11-10-DUX02054,PF2A712H-N20-69,MHF2-20D,FBD-O-006015-N7000,AR20-N01-CZ-A,SS5J2-DUQ01865,AF20-01BC-C,MXQ-CT25-X12,ZS-33-R3,MXS8L-30AT-X11,ZS-46-5F-X425,LQ-14P13,AXT100-DS25-030,KQH16-U04,SS5J2-DUQ01296,AP 3540SM 2PW FV4 MV4,CDQ2B32-20DZ,KQ2ZT04-01S,SS5Y3-10F1-X1156,ZK2B10K5CLA-06-JW
VHS30-DUZ01339,ss5j3-12-dux01365,D-F9PVSAPC,XGTP312-47336-3C-X994,IR1020-DUY02182,SS5Y3-10SA3N-08B-M-5B3F-X3W4X,LVR60-Z25N-X1,LLD3A-02-Z11-X66E,KQ2K06-01N,SS5Y3-10SA3N-04B-C6-4P,CDJ2B6-15R-B,AR20-DUZ01469,SYA3220-DUA00485,XGTP313-50336-3C-X1040,AP506SV2PWFV4FV4,NCDQ2A20-12DZ,AR20-DUA00264,AP4550SM 2PW FV8 FV8,INR-494-010,SS5Y3-10SA3N-16BS-M-11B5F-W2X2WX2W2XW5X,SS5Y3-10SA3N-06BR-C6-6H,SS5Y3-10SA3N-08BS-M-6B2F-4W4X,ZH13DSA-08-02-10,PFM725-DUY02434,SS5Y3-10SA3N-16BS-M-15BF-3X6W2XW2X2W,SS5Y3-10SA3N-04B-C6-2B2F,SS5Y3-10SA3N-05B-C6-4BF,SS5Y3-10SA3N-12BS-M-9B3F-3W9X,SS5Y3-10SA3N-04BS-C6-PBPF,SS5Y3-10SA3N-08BS-M-2B4P2F-4X4W,E500-N06-A,IRV10-LC06BZN,SS5Y3-10SA3N-06BS-C4-5BF,SS5Y3-10SA3N-08BS-M-5P3F-W3X4W,SS5Y3-50F2-X893,SS5Y3-10SA3N-16BS-M-P8BP3B3F-8XW7X,SS5Y3-10SA3N-16BS-M-12B4F-2X2W12X,KQY06-U01,XGTP313-50336-3C-X1053,SS5Y3-10SA3N-06B-M-5BF-XW4X,SS5Y3-10SA3N-06BS-M-5BF-3W3X,SS5Y3-10SA3N-14BS-M-9BA4F-WX3W4X5W,IR1020-DUX00948,EVBA1111-F02,SS5Y3-10SA3N-08BS-M-6B2F-W7X,SS5Y3-12-DUA00415,AS2301F-U01-06-X35,MXQ16-20AS-X11,SS5Y3-10SA3N-06BS-M-4B2F-2WX3W
SS5Y3-10SA3N-06B-M-6B-XW4X,SS5Y3-10SA3N-08BS-M-7PF-2X6W,SS5Y3-10SA3N-16BS-M-15BF-7X7W2X,SS5Y3-10SA3N-16BS-M-3BP11BF-2X2W2XWXW7X,SS5Y3-10SA3N-06B-M-5BF-2W4X,NVV5J3-X437,KQ2T07-03A-X152,SS5Y3-10SA3N-12BS-C6-4B2D4B2F,SS5Y3-10SA3N-08BS-M-7PF-4X4W,SS5Y3-10FW1-X1208,SS5Y3-10SA3N-12BS-M-10B2F-X4W3X4W,SYA3220-DUA00527,SS5Y3-10SA3N-04BS-C4-3BF,SS5Y3-10SA3N-06B-M-5BF-4W2X,SS5Y3-10SA3N-04BS-M-2B2F-W3X,VX2C2BFX462AL1,INR-495-019-X008,MXZ12L-15L-M9BLS,SS5Y3-10SA3N-02B-M-2B-XW,SS5Y3-10SA3N-04BS-M-3PF-2X2W,PFM725-DUX00741,SS5Y3-10SA3N-08BS-M-2F4P2F-5X3W,LQ1E2A-SS,SS5Y3-10SA3N-06B-M-4AWX2B-4W2X,PF2M725S-N7-CN-M,LQ1T5B5A,LQ1T6A-R2,LQ1E4A4B,AS1300F-U10/32-03,LQ1T6A-ST1,AR30-F03H-RY-D,TU0604G1-20,LQ1U6A,SS5Y3-10SA3N-13BS-M-P9B3F-X2WX2W7X,TIUB01Y-33,KQG2T03-00,LQ1E6A-SS,PF2M710S-N1-BN-M,LQ1T3A-R7,TIA01W-20,LQ1L5A-MN,LQ1E5A-SS,VV061-04C2-5NH-C3F,LQ1E6A,CDM2XB25-12.7-DCQ968GQ,LQ1U51,KM12-03-35-10,AXT100-DS25-015,LQ1E2A
SS5Y3-10SA3N-06B-M-5BF-X5W,LQ1E5A5B,LQ1-4CP13,LQ1U4A-R2,PF2M711S-N2-FW-MS,PF2M725S-C6-EN-S,TU0805G1-20,LQ-16P25,LQ1T5A-R5,LQ1T2A-ST2,PF2M750-C6-EW,TU0604Y1-20,MXZ12L-25L-M9BLS,LQ1L2D-MN,LQ1H5A-MN,LQ1H3C-MN,LQ1T3A-ST4,LQ1E2A-SS-R9,LQ1E6A-R3,ISE20B-V-C6L,LQ1E4A,KQ2L01-00A1,VP544-5DZ1-03F-M-X555,LQ1T5A-ST1,KQ2N04-01AS,TIHA07N-33,LQ1H5D-MN,SYJ3143-5WOZ-M5,PFM725S-01-F-A,SS5J3-OAZ02200,LQ1L4D-MN,EEX500-IB1-E6,LQ1B6F-FN,LQ1T51,TLM1075N-10,TU0604R1-20,LQ1T6A,LQ1-3CP11,LQ1-5B19,TH0604B-20,D-M9BVM,PFM710-N01-E,TU0425Y1-20,CDQ2L32TN-250DCZ-M9BVZ,LQ1H4C-MN,LQ1-5N19,LQ1T4A-R6,LQ1T4A-ST1,KQ2E07-00AJ
VQZ312-5LO1-N7T,LQ1T5A,LQ-15P12,TIUB07BU-100,LQ1-6CP25,LQ1T2A,PF2M725S-N7-EN-M,VV5Q11-07-DUZ00446,EEX500-IB1-E5,FBESSDS010600000001,TILMB01BU-20,LQ1H5C-MN,LQ1U2A,KQ2Z04-01AS,KQ2L01-35AS1,LQ1L3C-MN,KFG2T0704-00,LQ1T5A-R2,LQ1E2A2C,LQ1T4A-ST2,TILMB01R-20,LQ1T3A-ST1,LQ1E6A6B,PF2M725-C6-B,NCQ2WA16-15D-XB7,MGPL40-T5392-12.7,LQ1E4A-R2,LQ1L3A-MN,ZSE20BF-V-N01-W,LQ1L5C-MN,LQ1T6A-R3,TU0604YR-20,LQ1T4A-R8,LQ1T4A4B,LQ1E5A-R2,LQ1E4A-SS,LQ1U6A-R3,PF2M711-C8-B,AR20-N02-Z-B-X425,LQ-16P19,LQ1T6B6A,PF2M701-N1-AN,LQ1H4G-MN,LQ1T6A-ST1-R1,LQ1U5A,LQ-12P07,LQ1U5A-R3,LQ1T4A-ST3,LQ1T6A-ST2
LQ1T6A-ST2-R1,KQL04-06,KQH10-U02,TU0425PU1-20,LQ1L3A-FN,LQ1P5A,LQ1L4C-MN,LQ1B4C-MN,LQ1T4A,LQ1E4A-SS-R8,KQG2T01-32,VP344K-5MZ1-02NA,PF2M710S-N1-AN-M,KQL08-U03,KQ2L23-01NS1,KQ2XD06-08A,LQ1U5A5B,KQ2VT01-34NS,LQ1T4A-R2,LQ1U6A6B,TU0604PU1-20,SYJ5120T-5LZ-N7-F,LQ1T4A-R7,LQ1U4A,PF2M725S-N1-FW-MS,LQ1E6A-R2,LQ1T6B,LQ1T3B3A,KFG2L0704-N01,LQ1E3A,LQ1T6A-R5,PF2M710S-N1-AW-M,AC20-N02-Z-A,SV2100-5W1UD-02,LQ1E4A-SS-R1,LQ1E3A-SS,LQ1T5A-ST2,LQ1L5H-MN,NJ10,SV2200-5W2U-02T,KQU04-M5,MXS20-40A-X12,LQ1T3A-ST2,ZSE20-N-N01-B,TIHA07N-16,VHS20-N02A-B-RZ,LQ1T6A-R17,KQB2T03-32,TIUB11B-100
KQR08-12,KQ2L10-G03N,SY7120-5HZD-N11,LQ1T4B4A,KQV08-01S,MXS6L-20AS,VZ1000-11-1-8,LQ1T4A-ST4,LQ1E6A-SS-R1,LQ1T6A-R6,PF2M725S-N7-CN-MA,MY1C16-200,LQ1H6C-MN,LQ1T3A,LQ1B5C-MN,LQ-15P19,PF2M725-N7-BN-M,ZSE20A-V-M-C4H-JD,LQ1E5A,LQ1T4A-ST1-R37,VVFS3000-20A-1,KQU04-01S,LQ1E3A-SS-R8,MXU10-30,ASP330F-N01-06S,KQR10-16,PFMB7102-N04-E,MXS16-30AS-X12,KQL08-U02,SV4100R-5W7U-04,VZ1000-11-1-12,MXU10-25,MXS6-40AS,KQL04-U02,LQ1T6A-R7,ZSE20-P-N01-L,PFMB7202-N06-F,KQ2E01-00A1,LQ1E3A3B,AS2201FS-N01-07S,LQ1U3A3B,LQ1U4A4B,KQL08-U01,KQR10-12,NAS2301F-N01-09S,AS2301F-N01-08S,LEFS25LNZB-250,LEFS25RNZB-250,KQV08-02S
